altman_z_score,leverage_ratio,current_ratio,defaulted
1.99816047538945,0.24810634307089574,1.154264209339765,0
4.302857225639665,0.5335207579026865,1.1174469976799997,0
3.4279757672456204,0.7983566687011266,2.7656364513025915,0
2.8946339367881464,0.685779909127649,1.1238654996237654,0
1.124074561769746,0.7452489182891598,1.1798743153215776,0
1.1239780813448106,0.627026693368574,2.398495656044909,0
0.7323344486727978,0.6538212516142821,1.62434960612635,0
3.9647045830997407,0.7793565212522555,2.441776392387953,0
2.904460046972835,0.2997344070873488,0.663415393910963,0
3.332290311184182,0.4915399709145124,1.7189279841834608,0
0.5823379771832098,0.2769675534556818,0.5840340004582065,0
4.379639408647977,0.8901344063973177,0.6566330086383863,0
3.829770563201687,0.8552474717492906,2.7660936333610273,0
1.3493564427131046,0.13154144909480472,0.8481134277939879,0
1.2272998688284025,0.6644601380125508,1.8310517056880427,0
1.2336180394137353,0.8401986539325327,1.5277390065017664,0
1.716968971838151,0.24446027610186682,1.3683583156471066,0
2.5990257265289514,0.5543561844421036,2.7495833642181813,0
2.227780074568463,0.8323906380704336,0.5545584919387238,0
1.6649165607921677,0.12715678286863907,2.1594742154389728,0
2.947411578889518,0.657936213797472,2.908486085533876,0
1.0579754426081673,0.33787920589804066,1.900420458654605,0
1.6685785941408726,0.8395169563012244,2.8420561550827297,0
1.9654473731747668,0.8768465961322942,0.6306446982150594,0
2.3242799368681437,0.8554131912907472,1.5469832976854034,0
3.6407038455720544,0.479371373325971,1.1503944774051278,0
1.298695128633439,0.7896341207914508,2.3270524124518244,0
2.5569377536544464,0.7756395188280564,2.9532427262431167,0
2.86965827544817,0.35528037859460454,1.1413251561106195,0
0.6858016508799909,0.7631323793205419,2.1354365036851863,0
2.9301794076057535,0.1296061077723941,0.9952440818993503,0
1.1820964947491661,0.5770159027856424,1.9133256364290248,0
0.7602063719411181,0.28400706983016244,1.6598312167208404,0
4.2955421490133325,0.19645350862182306,2.9300133240788426,0
4.362528132298237,0.16156256130336732,2.0213181817411665,0
3.7335893924658445,0.6570310207025118,1.373765930217047,0
1.7184550766934827,0.37189997101445293,0.7852394622198334,0
0.8906884560255355,0.6798134172230093,0.8781170718373363,0
3.2369321060486276,0.15228507263915392,1.0632923248780877,0
2.260609974958405,0.3522322702644883,1.127416653350745,0
0.9881529393791153,0.5315930339002698,2.6265401446028447,0
2.4807076404450807,0.7325785318711708,1.9030569707063123,0
0.6375540844608736,0.35500200234565593,1.808477278435916,0
4.137281608315128,0.6007131011496073,0.7869221796730437,0
1.5351199264000677,0.8087821985889497,2.6503492333735874,0
3.150089137415928,0.5926905505458436,2.3070357580212093,0
1.7468443043576438,0.286367579802907,0.669170904750004,0
2.5802720847112433,0.11952062524523042,2.2695877430744216,0
2.6868411173731186,0.7960790991207439,1.8588455433566151,0
1.2394178221021082,0.11701552868030972,0.7043133643669457,0
4.378338511058234,0.7997613381473596,1.645751603821641,0
3.600531293444458,0.5231497072217696,1.7117407178251174,0
4.257995766256757,0.851254158810317,0.9144363504081894,0
4.079309401710596,0.7390265886189323,2.864245367500706,0
2.8915999152443406,0.89834728842667,2.624938428701655,0
4.187496940092467,0.38056945236136813,2.1725558433227707,0
0.853970008207678,0.7137506311449016,1.655738902501518,0
1.2839314496765808,0.42154473088739375,1.5294138539612714,0
0.6809091556421523,0.4839004962431271,2.1274336678773853,0
1.8013213230530574,0.6020043705746961,1.8635796735172636,0
2.054709158757928,0.798941691349071,0.6556827647047141,0
1.5853961270955836,0.8872667753594361,1.7812566219258292,0
3.8149500366077174,0.7146187310916146,2.5160090430820987,0
1.9270133067743571,0.434213425733867,1.648099693992395,0
1.623738038749523,0.4370856018216562,0.6298914438856711,0
2.670784332632994,0.6900658412711133,2.4656954984600827,0
1.0636968998990506,0.2910217166146419,1.003409455339936,0
3.7087879230161587,0.18837929050511573,1.146552087220097,0
0.7982025747190833,0.38369772611262126,0.9117658835807397,0
4.447547746402069,0.3297911933232654,1.3255376621787438,0
3.5889790771866297,0.3370464963647921,2.3918787642215875,0
1.2948627261366896,0.28688620083992794,1.7984646487598432,0
0.5220884684944096,0.1336745517090895,1.0122031853767814,0
3.7618457138193366,0.11429914778673106,2.6945751953801023,0
3.3274293753904685,0.8901779117888253,2.698954637378823,0
3.4160286721639492,0.4422185069886899,2.6764460626150175,0
3.585081386743783,0.40746131772774535,1.0969905284538481,0
0.7961786069363614,0.6437178261544559,1.6280983604524701,0
1.9338629141770904,0.27460311029205137,2.962474140352188,0
0.9634762381005189,0.8599689471601804,2.430031190774976,0
3.952413703502374,0.7290760115324417,0.5679185530638995,0
2.9931925073102317,0.17152880184980762,0.6630114781512302,0
1.8235920994105967,0.4340646206279427,1.659828442030832,0
0.7542334011440945,0.8032946460497318,2.7730505146539004,0
1.7439292868626488,0.8557856178331282,1.8467544948817856,0
1.8007332881069882,0.4739212089998958,1.7445312700857256,0
3.4184247133522563,0.5907291113685662,0.7636842498915765,0
3.0502298854208525,0.2336271568736602,2.1419502618107353,0
4.048850970305306,0.8929349009095813,2.5552579015005636,0
2.388859700647797,0.2853373611067547,1.451050018768906,0
0.9783769837532068,0.8541854193081005,2.4390296273133187,0
3.35297914889198,0.6197173191938948,2.9111916347520292,0
3.5431401944675898,0.5861894359030874,1.0094161478192227,0
2.745108790277985,0.5101508088132068,1.8083240779868532,0
3.583868719818244,0.28453584937420695,1.217844895211439,0
2.475182385457563,0.24122242560440663,2.482136047584598,0
2.5909313175279762,0.2763889672561403,1.9439834147028938,0
2.2101640734341985,0.24915060971540362,2.0864560438757596,0
0.6016765069763808,0.7236675788534027,2.4947853990397353,0
0.9315657079732178,0.3801002073333841,1.4899261816561373,0
0.625716742746937,0.1462741412507171,2.787725171017608,0
3.0456416450551216,0.8752821041126491,1.83257216811535,0
1.7574239243053067,0.8070287079707406,0.89488705708837,0
2.534282764658811,0.8422018265561704,2.239747795422006,0
4.1302658957043725,0.8959262581171483,2.483153376095636,0
1.4971689165954998,0.23911619937558984,1.2919041926688166,0
2.141531692142519,0.416993615122127,2.6429481424968824,0
3.5222045541721947,0.7065907805632731,2.765358136914416,0
1.4151926619664899,0.6568164944430338,1.1922612184445223,0
0.807919639315172,0.22311672507188407,2.958803681788055,0
1.659005811655072,0.7526664999924942,0.8517788201218961,0
1.1448851490160177,0.27955245746932855,1.005039171006225,0
4.218790609370292,0.2790540918580985,0.9605620980950653,0
3.732481518257668,0.5295795383147309,2.734974275019676,0
3.033615026041694,0.5743519478733625,2.1357313808124045,0
3.985842360750871,0.5640689662702489,0.8802607080556821,0
3.714688307596458,0.17318946991820391,1.6008085459208725,0
1.2462802355441434,0.8019686901043044,2.038245062674505,0
4.070235993959911,0.31248003407096486,0.7086602124734582,0
2.657368967662603,0.20361193702624336,2.7060409210183467,0
3.72976062065625,0.8109984638951818,2.509008838603838,0
4.084365199693973,0.8645211985838027,1.7630169339415955,0
1.7720138998874555,0.7897020938123606,2.917816538147926,0
0.940207698110707,0.7476128597799025,1.5444024481877492,0
1.4117406501677667,0.6241935845112174,2.9602757975912444,0
2.2084311545050253,0.5406858964873115,2.1697999970090676,0
3.7720590636899725,0.16958940792912813,2.0866781831348535,0
3.9429223330253738,0.42676257045655897,0.9148872382394625,0
0.5278085221247628,0.3981508136098512,2.70481939576161,0
2.542989210310263,0.307803027008261,1.5687242198015379,0
2.169644012595116,0.678736090950868,0.9055835144561983,0
1.388431241882921,0.49670058806301665,0.5315187999393975,0
0.9794614693347312,0.16483697272611836,1.8993892090959563,0
1.8504606856145118,0.27614656155984907,1.8184990553066909,0
4.271638815650077,0.6466070109276768,2.2983840559228965,0
1.792811728083021,0.16090468759224016,2.7256451325445052,0
2.5751624869734644,0.780965531239015,0.6985164616075739,0
3.3120758355807114,0.4961172216111795,2.328741225850906,0
1.954518409517176,0.48446926186131845,0.9685298602439556,0
4.387128330883843,0.5739262277276141,2.6454426328929097,0
4.349789179768445,0.7597447727401194,2.54765878465414,0
1.5071291833014566,0.3782473663217545,1.8519843874638608,0
2.488994023569542,0.6424129220472509,2.275606996558279,0
1.7035132392670786,0.5525855711966329,1.285875282959371,0
1.6393619775098704,0.3136226161355371,1.6779197473320366,0
0.6475477894181312,0.8029039890841264,2.554092244276179,0
2.9382573359195874,0.7379408172855425,1.6481629929330348,0
2.510716092915446,0.6267614677267405,1.3944956633136045,0
0.7059150049999574,0.7804653832753936,1.7355311181257498,0
1.6145858569464457,0.7938353607678419,2.570623131093046,0
4.133063543866615,0.6666903813720279,1.3380201184271818,0
1.4582475626678897,0.7696106626909377,0.9344039828393595,0
1.0795794883648924,0.6579771693354269,2.280035050826952,0
2.457811041110252,0.6441126174082403,2.5649455317702046,0
4.442601816442403,0.5948891025721474,0.7515936963088333,0
1.4682210860460017,0.7021733116461131,1.0996852818898617,0
3.188542189623514,0.22688408423445897,0.8549299744024847,0
3.5464784613148703,0.8046966073591428,1.3698535289554166,0
1.4505501759695987,0.7974748221961856,1.6258774472635316,0
3.4128653944474383,0.12339782642764732,2.3720658424082663,0
1.971132530877013,0.7606534004518102,2.127868962204185,0
3.029223322374318,0.20309589397875616,2.052321418696078,0
3.034118843043579,0.36809508340731356,1.380937366524136,0
2.643098736299034,0.6948066050332863,2.6036188827119,0
0.8611590802176332,0.22860791683864656,1.6782179184954114,0
3.841209982356952,0.7543736192952498,2.9477623450378863,0
1.7831202598869433,0.7657073423661935,2.085355345739342,0
1.246074041599417,0.505974187008669,0.8156618539112568,0
0.6631005662190557,0.10510869737346687,2.190443905188585,0
2.8635717727529673,0.32963050653993026,1.3127600385792475,0
3.2102574473691297,0.5935415347005938,2.2158179917152436,0
0.5663513157114246,0.8849489424219388,0.6741028704060144,1
2.548372233197124,0.6054508216133347,0.9372035929398985,0
1.4059831007917518,0.30784286485132784,2.6393431472644657,0
3.0806911616377994,0.6072045624796891,1.0679488925587872,0
1.1974657160199658,0.5319883037726844,2.59260281310735,0
3.263750952409864,0.723876316120915,1.198190221136026,0
2.0469413852021496,0.18558451106156673,2.1072047751467693,0
4.246919954946938,0.7088223220016224,2.2353764337745776,0
1.050083776583973,0.5330132629408882,1.7816368828626323,0
1.864265404201034,0.8703936030871957,1.263276691741828,0
0.9538940849623563,0.3734977328309489,1.0316109409277403,0
4.198774473114251,0.6060975145071585,0.5829733864060656,0
4.009357413523924,0.845622484408014,1.2598660031018096,0
1.5317665108606224,0.18200778239254342,2.1329069763282074,0
3.139936184136716,0.849782789789161,2.8457620461212065,0
3.7688888008048633,0.6503085778406508,2.67801120565763,0
2.7208032463978493,0.15426964728413753,2.4151619413382566,0
2.618602313424026,0.340770853557453,2.4711183581332468,0
1.4674091636018067,0.6665376709162253,2.162462258689988,0
0.8724110712235968,0.15388048117501738,1.1507171439150075,0
4.0888630318133075,0.5657363681410187,2.7679875767645745,0
4.101672228653322,0.37670644556236543,2.176830779764585,0
3.0324058290930718,0.5967324142139817,1.9011015774511,0
1.8561191641948027,0.1365936270500103,0.7774736730337026,0
1.8968382984506436,0.7972294449219011,1.6176388595160636,0
3.4038227154809575,0.8787911753419175,1.6508956780048156,0
4.088441039810308,0.8751022842285532,2.6614090238066748,0
4.048345697060469,0.6997214653943398,1.866620550469471,0
3.6195021834304955,0.20406899210450558,1.451001372426024,0
3.068126584617151,0.7066105567432182,2.942000821276648,0
0.8365598599801953,0.11966953316704121,0.7768014833157892,0
1.146514856378455,0.1176988412231978,1.5563710707798615,0
4.0942167541083165,0.358888175319633,0.6050616879285132,0
2.9257162386383597,0.4909145523237326,2.3497603019173257,0
0.5367882064665186,0.7163259342462346,2.7951913804978767,0
0.9058861714641284,0.6466363012852042,1.2000933238762235,0
3.1540070764322232,0.4567221651013987,2.645854191997802,0
0.5202463353848747,0.31890133302533274,1.2305455761547444,0
1.1432322056699946,0.897699600126169,2.776925404109788,0
2.6949351574663445,0.44094504178877836,2.3849047589919596,0
3.267580790770773,0.4611096194637404,2.5122669421035964,0
3.107845038010402,0.23089905695333535,0.5450163890011362,0
1.3970772378422391,0.7358476389999435,2.907025892685065,0
3.3487168853901434,0.6549457806251909,2.3166774801758083,0
1.4489963499872003,0.27661569023100835,1.2618777384653332,0
1.801598792637071,0.16590483649267418,2.5734866621471175,0
3.4859656204720966,0.6443994416597705,1.2038029960373249,0
3.0985315961888587,0.6236089714249082,2.6818845989153197,0
3.8968936419767117,0.3186076215985675,0.7814509760298425,0
3.1304515692013735,0.8606908498003283,2.2592149436519895,0
2.7732344133418865,0.2208463134247202,1.8517461916122757,0
0.8746990713123699,0.44586784083408154,0.7413361754886021,0
1.970863212237734,0.8548927361340791,1.1047345706470975,0
1.5608094707269018,0.4357818535408979,0.531010090693287,0
1.4759585735163343,0.6108207581312685,1.6719199136612646,0
4.392042219009783,0.41807551837023543,1.2531631519000008,0
2.0723908986670416,0.319372161878936,1.995893710744397,0
4.068186220708453,0.8871821183678626,1.243094519271543,0
3.0245545039890516,0.42746720505203445,1.2497977787674617,0
3.6792452141665937,0.8152793629433076,2.3579829968290085,0
2.5105483724207684,0.283963684712869,0.6203570899458837,0
2.8076155385054364,0.2704837632200667,2.757237487979968,0
2.4700707752754556,0.1249072663076091,2.6306596859779536,0
1.280971951192178,0.6213334603007081,2.1695117080660165,0
3.3898084610460213,0.3948210749790089,1.9830539252684607,0
1.6230894497634232,0.7914865998717097,2.7307562453491308,0
0.5972638657258154,0.47856792535324577,0.9633254488217862,0
3.0818891836286713,0.8745547423317774,0.6974229054770715,0
1.2084427176281958,0.24842041256249692,1.0987754247738453,0
4.261834337411657,0.7948985343644887,2.4864456967504758,0
4.3157143080103495,0.7212774822333934,0.5866756668162083,0
4.159457560881794,0.7167374757152416,1.957017087708724,0
1.9806348010217776,0.7758265824935102,2.9885937904782747,0
0.5618264661154697,0.7088191927543992,2.6392402345938484,0
4.213274250350901,0.6009762573051324,1.8036142226089735,0
2.2127365932692573,0.20499590214591007,0.6591022732166059,0
4.366619276174678,0.12602094359300153,2.5784337859642745,0
4.354479908357011,0.8366782782525495,1.9974462704430263,0
3.9120378218694403,0.5933202516165904,0.7873324926489171,0
1.6777955682783428,0.7372298327809411,0.7346432120583906,0
2.040390914407701,0.48521788121004006,2.774067048591481,0
3.9045466860674276,0.1938465511699156,2.173000657345196,0
1.7676880206251107,0.20014863376204037,2.5732169982918887,0
1.17797098674437,0.6484522297831772,2.697447250705668,0
2.7272050498334006,0.44424471591957015,1.9294308801208055,0
4.244619096643124,0.2604197813602694,1.7936158793876031,0
3.284119186699892,0.4932756373931495,1.5760685258024756,0
2.78024468035746,0.15136714966010728,1.2923664694777983,0
0.8887059750830741,0.5655771215315191,1.5864899021467793,0
2.960028906796679,0.31519472354807815,2.434699139325391,0
4.460215400417053,0.7380472805097505,2.004808577537829,0
1.0603360609460961,0.34828956713885906,2.7313082248871154,0
2.573318609454947,0.464176119265441,1.6084500359479694,0
4.009492287711822,0.10929643192648052,2.017723946796885,0
3.4630744710168178,0.1579575102356471,2.078268882729972,0
3.288062963981072,0.4139948451253479,1.9792429057658139,0
3.309936335948437,0.48395106777369884,2.2565844327137907,0
1.9379646048790207,0.580016438495443,1.0935836709370157,0
1.6743673770579734,0.3333300629674426,1.7809094438644766,0
3.7374446219140545,0.6559855089012341,0.7605620070208692,0
3.740453578716723,0.7880979177513637,1.4612783191120313,0
3.968289274320415,0.7238807911146798,1.719167671553161,0
4.152962210225885,0.13169506027868572,2.130560648863681,0
2.545369595443751,0.48440555780626315,2.8763276314655086,0
2.5060651787487984,0.1839441427345399,2.0016276663708896,0
3.6931807158671006,0.293636012690022,2.3589847904413994,0
3.0998557231110606,0.8893300746137172,1.7656651487380068,0
3.3078675090308134,0.2139964343212106,2.0852600784408284,0
3.683170677744404,0.49911052276108486,0.6773305403344336,0
4.060021367270265,0.5945245874544953,1.1359789521046175,0
1.8519806274061432,0.6619719764352832,1.4046327330128467,0
2.002331810559776,0.5477189467895313,1.681233387516284,0
0.875927759363476,0.10781667793534694,0.6141218637559593,0
2.813120563984696,0.36116904659519355,0.8500602438832943,0
0.6437690951869683,0.5141693147077692,1.1920357694782644,0
2.3623920725298406,0.1702931993158667,2.9288317272526267,0
2.6705785388303065,0.3805015449673446,1.3283675177576268,0
1.6461650085131376,0.12656248703309325,1.7051026452802063,0
2.863333042276043,0.1628627977240166,0.9902442818459823,0
0.6220009997561977,0.41753862096127686,2.0269501776894208,0
0.6493927549968577,0.2061726032344483,1.2017080387899357,0
3.790402242638633,0.5540326786092465,1.0174814460960668,0
1.9407625656450516,0.6515719753098126,1.7914315711149476,0
1.0082420506075391,0.7404693592872663,0.513764497901052,0
2.5889730402192175,0.2601201953958481,0.5191600816230633,0
3.5799742123944434,0.2339860658072558,1.0476720227546443,0
1.3632841099873727,0.1836542722675202,0.5918034062520529,0
2.991561903276001,0.6091441996349094,0.7700643853267284,0
0.841389859975072,0.665180581189521,1.347151623346879,0
0.7067268846744308,0.12526891586051364,2.506464198949532,0
2.625418526272592,0.8489697969949519,1.930121608423252,0
2.662540486440426,0.14157702692117793,1.781669314891041,0
3.049719605992826,0.5330370682408564,1.233722058020304,0
3.404365334890646,0.6672484155607332,2.829384298582041,0
4.403408317850138,0.7967752989968685,1.4925376030929791,0
2.5652013932047812,0.6712695457059423,0.7177319169894287,0
1.7918258917649839,0.7413824664558335,2.042666290294503,0
3.6807447790748147,0.37156015403424486,0.7845959836915035,0
1.5833290050482969,0.7518600909972099,1.3630578570042302,0
2.2558856828225444,0.16409187710774012,1.768529846794522,0
0.8138255253690638,0.8158533248484221,2.6855563117129395,0
0.60140297366183,0.538073900922989,1.7338664508502966,0
4.3505936587117,0.753838215969995,2.2556469150791605,0
3.8439204820488233,0.46185462761464013,2.982042097497676,0
3.283896824374792,0.6148621561572201,0.828722799744954,0
2.1358117776570795,0.5211221287488906,1.1868288137987988,0
1.193177280283383,0.6852716174042656,1.486440188994116,0
1.1257481706843442,0.16530398562447168,1.5545704463470784,0
1.5009715926583813,0.14828166719245103,1.5275526881638644,0
2.696906658824482,0.2976825872081172,2.7690275063913874,0
3.3583836908002493,0.22763574409055068,2.2850816111671413,0
3.140789506870925,0.7974268532737614,2.0197630352267595,0
1.6197355877837714,0.27537118988643544,1.2734317946569553,0
4.319461122652776,0.8806922046553051,2.559475960553237,0
3.451587666783074,0.3695166334168855,2.887651278712472,0
2.7174162100456027,0.24569433255095943,2.552995706375566,0
2.946882984937409,0.7317588057139833,0.5039127629786823,0
2.1784002497111596,0.6269662204007009,2.0910034254585175,0
1.4909239580046298,0.49855657316251123,0.6278384536052518,0
1.9238907146050463,0.544290840750105,1.1440180508343047,0
3.5313844418574765,0.6753614226178111,0.6488117508694292,0
0.5575739545190235,0.282763793065039,2.0094886323734693,0
0.9642905620276649,0.8970671328453936,2.216474783731517,0
0.684010568087011,0.8798345297174266,0.7862190951647627,1
0.6629152092758805,0.6202605490775496,1.4595972076124486,0
3.921842336044029,0.25963396074331613,1.6405912723888552,0
3.3146314375200947,0.6441825939450331,1.4226325544022915,0
2.3966953163493008,0.1577587271833407,0.8025625012129827,0
0.8913366426040059,0.12452200176464485,1.5473694754686886,0
2.4664635004673294,0.306146310808971,2.3779451195210455,0
2.3938870831222627,0.47009836539145305,0.6775191613331386,0
1.1928074796400607,0.7946180043267045,0.7004500352047587,0
2.235406596951892,0.6817352558130465,1.3869282295899605,0
2.0940189375894938,0.6941652169599849,2.854314279047313,0
2.963400392208866,0.4403946675584603,2.1714316168072854,0
3.040374603470575,0.37674799403757037,2.196674891681412,0
0.6812160390881781,0.3968310103876822,1.4047999770946624,0
1.9984504585058849,0.8901196509888463,1.9841519780213461,0
3.0034396628569455,0.13208735312998598,0.5253279600693584,0
2.512545034320351,0.7936251968979589,2.0902401160238555,0
3.925959364753289,0.5629403268579147,2.783217368940592,0
3.13477452647578,0.4508923353516724,2.031433670862048,0
1.1517377083257188,0.6802061283321092,2.684246483665863,0
0.7822749896017194,0.4893351531397623,2.3099326386652344,0
3.0696771128252625,0.7987385904653285,0.8013960410092256,0
0.6060452421664873,0.8205614912090069,2.7561332682146045,0
2.843102325093853,0.4373767414987644,0.6661096108894372,0
4.26092096569983,0.3214622377880413,1.8349186813694094,0
2.801896711503516,0.5738802628746899,0.8553428094836442,0
2.0526797048260876,0.8298906764933528,0.5292665268272602,0
3.0731528737694127,0.26852975120453326,1.5550856503190975,0
2.3330115619660665,0.5983732668507863,1.2376017691353907,0
2.6824671572637397,0.6052481760740165,1.7150012344940075,0
4.265859235106101,0.6864904179322249,1.942999716836377,0
2.044410551203097,0.20525414810180787,0.6093476807723683,0
4.344762255295657,0.6726599717456709,0.8075082378093641,0
4.121402567824255,0.8272260165325128,1.8966059911260633,0
1.2831645391571858,0.2437464870961936,1.3579183829316457,0
0.7774452035006618,0.2900346599391021,2.32293371887362,0
0.9031120055097066,0.8771160752333117,2.130729121479849,1
0.5728873026061989,0.24478156216759184,2.614010907474767,0
0.8777718430237136,0.7835080746956633,2.2312320666730634,0
3.2320270936654274,0.49382228515842785,1.5748276934753704,0
0.784754593840916,0.29778485952254163,2.182416555986081,0
1.7759025211750452,0.7965999210180091,1.1884529356385463,0
3.8795012438778183,0.4562442040021324,1.2657837469455318,0
0.5930877429433035,0.5118538831437521,2.4724628998019833,0
3.757873930355743,0.3873866955198126,1.6160487910039554,0
1.6274190990935997,0.5743606811479419,2.4959508512958815,0
0.972659310486625,0.23081909806801823,2.556055934170696,0
3.2869486614566026,0.41286522932140857,2.6439058441532093,0
3.015771387119536,0.87552985786823,2.7915880896030183,0
4.009888054108211,0.30650674616090207,1.5774630512832406,0
3.440284175215543,0.6253893316330338,1.297167045802847,0
3.7139237215393943,0.3601520513797559,1.9554968664852845,0
1.628138290285226,0.7187785005492806,1.427931058594069,0
1.2097581751188913,0.20469892857467986,2.0026854170005826,0
3.5024590065634333,0.8758568360628358,2.2639646566095615,0
3.727338957069056,0.4630316331069114,2.2210125462303423,0
4.462020568002693,0.28884037067717117,1.4363822175503034,0
2.150470707645706,0.15879739786401015,0.917150504246882,0
1.9880723431711327,0.2358063240700326,1.5763233461555188,0
3.6056518429679874,0.5158191588448141,0.8564853602047718,0
1.8632141610120714,0.36960254114502905,2.725242587959521,0
4.223029302414259,0.7631066927060877,1.3646936518446435,0
3.933651007372047,0.4447100189294448,0.8861493680583095,0
2.2159761095000734,0.2989714180701039,0.5636193997643772,0
3.5034842711659895,0.5937159892832241,2.1145559657162107,0
3.5181714963387294,0.6654217735083567,2.092255793636858,0
0.9124954753437304,0.2336335263207599,1.3515104164532292,0
4.110211626718266,0.23409537303065414,0.6792797221191276,0
2.5210094897914286,0.12933714154683437,1.5240722372380802,0
3.8058298644309665,0.6891216120525124,1.278043737658484,0
1.780198404122447,0.6310436220974441,2.1928015993375234,0
4.082092913984802,0.47970470059985115,2.014448123631726,0
2.0568067149366525,0.7753363591753577,1.4114843204938499,0
0.5433506059211934,0.7445361223600426,1.0447313856374754,0
4.121527905677055,0.5682834915174018,2.9700899153889795,0
0.8651467071445342,0.794617024410607,1.6350040529902872,0
1.7772545503616595,0.2646729680294146,2.220685589450593,0
4.30024786820322,0.1895356955181823,0.8513824189459019,0
4.302428587750224,0.3157996892135917,1.7139742491484946,0
2.7937515524931444,0.1456694848714519,0.5688417996736637,0
3.027348848679197,0.5249356224008256,1.7636377947761248,0
2.293782087913279,0.8492845538359692,2.910043517794256,0
1.6728430867922581,0.1314748325348077,1.4605167824645005,0
1.8146581814796638,0.19768793120802144,0.597490031437279,0
3.1900738243081537,0.46175922262674823,0.5773894772983588,0
3.50949811775072,0.8471000140223239,1.4699668998671738,0
3.666316174903394,0.35292488398140043,0.9000623411579851,0
3.6584725711782156,0.505787846950714,0.5583802408204648,0
0.8648244121947615,0.1332582872403137,2.3905340348754422,0
2.477681218810326,0.2186745607696711,1.6463075222047268,0
0.7302350400665771,0.8893040983670776,1.2231119299316364,0
2.698115529294942,0.8720949571488364,2.750207957541202,0
2.266122005493508,0.1039519847475277,0.790347400501314,0
4.0508167310331995,0.8614494283385912,2.889797072388298,0
1.9036600502083147,0.6112959502524004,1.284916793443382,0
0.9682680657104235,0.7943346356160177,2.721009180771703,0
1.0719667282113434,0.4637918845070873,2.007357191198654,0
3.546042526869889,0.5124768228634002,2.5667683993537187,0
2.9728722532650442,0.49107726420553616,2.960032908026161,0
0.904490704491161,0.6334914060368835,1.2210135945468643,0
0.8364272244599897,0.21172100380505032,2.9028387135189826,0
3.30387652583648,0.12397887189814237,1.473704737256051,0
0.7910520254567741,0.34634395327295275,1.4637797618423058,0
3.787440237161425,0.6637446101893174,1.3509677606362642,0
3.324968908625985,0.2614827616983587,1.853519018368963,0
0.8253951225675991,0.6387459466599339,0.8853626079462178,0
0.8393508563407677,0.8759296368858164,1.884278713395028,0
4.446558314004702,0.17512057263153472,1.85426203102501,0
1.9970831830244813,0.6380816945801011,2.404754531512175,0
1.9825685882675637,0.45500017544365695,2.584124904843964,0
3.7511982690300103,0.7945138035020043,1.6011033757810602,0
4.288994309535434,0.24171983155790874,1.2558331233787343,0
4.444004255291484,0.6541007617809317,1.1483372432927361,0
3.5135127410357665,0.7704922317184882,0.9865595917621799,0
2.005038342123663,0.8556913755792186,0.6441189554975622,0
0.8340028667946751,0.6465984226317167,1.3561199470867833,0
3.608587663709747,0.4977398112067419,1.1756192303269581,0
2.73361699894322,0.5942777921609711,2.9160434646660183,0
2.196888036987905,0.7951239875829746,1.8942720656251097,0
4.125417540378944,0.5564877973110638,1.368192597576269,0
0.9447899292246054,0.1243096477574695,1.95116900248424,0
2.4705004171634366,0.8447589564055823,0.8479917533642387,0
0.5454145790696763,0.651621400825249,1.6101093730055074,0
2.374642567976505,0.6412107086217973,2.0655858035526595,0
0.7252131027273494,0.27254012191817373,1.7222445794811285,0
0.9752716650722877,0.6271083761861258,1.5044470016358107,0
0.9701049871084195,0.4150915245233268,2.9846209722492456,0
3.0968412084642543,0.6209863816331938,2.7007869053723175,0
3.484179517061693,0.1852744242463926,2.0585148953986003,0
2.8334750603886385,0.6262762436824288,1.9234434029557068,0
4.348690193898168,0.8995309806165332,2.0516511995614604,0
1.9994823180948162,0.13856963108844483,1.0032802695560832,0
1.642848345127443,0.8817393473770538,1.4878443581607965,0
3.974396512757841,0.4255263685782965,0.5986488322272483,0
1.3943833540778106,0.7966027602698074,1.6888650937170666,0
4.352890157762445,0.7259083872466188,1.8575614598941579,0
0.5486178987592654,0.5536130087893343,1.069374340258024,0
4.379515306830556,0.6907593674010613,2.9100721179137845,0
0.6726396478023045,0.8028124490410784,2.773636527343105,0
4.064572454792284,0.4233122573208264,2.305358088639765,0
2.6108044363451994,0.36162652925059097,1.8334665719134065,0
4.471859184477202,0.6340747084508678,2.6749228991192124,0
0.7951862589415954,0.7462767535530069,0.8266308595586573,1
2.715417137605283,0.7098281078212927,2.4762744856872123,0
4.377210142476396,0.7382509190869077,0.8120520349171207,0
2.5923913766805953,0.4484666518503464,2.4855266563735134,0
3.01759455254105,0.7542673729400173,1.1894189206283925,0
3.2829947559384687,0.19616724429648677,2.692726452545472,0
2.318164259071093,0.5355912783686797,2.8601052345634947,0
3.0102323203362538,0.10460692839849726,0.871989923512789,0
2.837257247692401,0.35966866392021624,1.6566890126634837,0
4.104632041963956,0.39316922789711833,2.952468445406713,0
0.6817855213658315,0.41693815328740436,1.7085185899328665,0
1.6238527583689213,0.6563737653518897,2.658868806286363,0
4.301645936306235,0.41084648101627663,1.9718288053282995,0
4.061055135563665,0.45895489809802453,1.4383247697990047,0
2.3226270111428517,0.290035304699462,1.2144588888146755,0
2.980530391206147,0.3986014333034721,1.0080577277152183,0
1.6095247319245307,0.2818157018105212,2.404495478444243,0
1.2524846388950452,0.15855673901475492,1.4663512670575698,0
2.3547936197599286,0.5827588747051023,1.7781886555018778,0
1.9134089121042113,0.6345702388440131,1.7308137000029549,0
2.8346244474034883,0.5955922768076917,1.9431975730828281,0
0.8109385478599394,0.4707952350404579,2.6639428640613807,0
4.397579230664666,0.4038286241433839,2.9518483589585736,0
4.4448429779184115,0.7906669196574603,1.5189605214345423,0
3.2926468560789806,0.5152654281089745,2.5687973052657576,0
2.6443854653764816,0.4833455021037848,2.411319486636794,0
1.738110465145311,0.12051365264514856,1.9338223786389332,0
3.7551800788277947,0.3729982621009251,2.8901178590298326,0
3.238924690215517,0.40415649502868567,1.001186288821007,0
1.1504677573795652,0.4190582247175204,0.7731605257740535,0
4.14370873797537,0.5641378953818659,2.6349049173885555,0
3.790148971692676,0.5268820373815027,1.5978745415843707,0
4.299199653167696,0.5863240742347557,2.6174221355176512,0
3.40287803355344,0.7119066092337026,2.7327255129885373,0
2.9536607837431594,0.7503885909728748,0.6561439840476786,0
2.1729721451624755,0.6744984609811956,2.7086619074651517,0
4.230913933416053,0.8644189567639478,1.6207976384235554,0
3.9642555580016334,0.11458606614108931,1.7760812225105806,0
0.6808746804247576,0.2566223885468369,2.0664812777330255,0
0.605467897989008,0.1060502999825137,2.8159565168252167,0
2.0058534675121984,0.6179797713236824,0.54779023607441,0
3.7422133231273316,0.8184244391599895,1.6921086707945427,0
4.449104517259778,0.2947858372610394,2.2193051060764017,0
1.1016675644141127,0.8416276358370454,2.306767394245571,0
2.8765228614085405,0.14821391223164868,2.23133107884277,0
2.023563426524086,0.8475488214444115,0.8360878235203046,0
4.379657591258413,0.38129814979170756,1.248488970929203,0
3.8684756925428347,0.18113666275937323,1.3967888135425337,0
3.8533148188445514,0.48869740734906053,2.5110930191987624,0
2.374772639179881,0.30542125417640636,1.1968996810363826,0
2.1592780093506607,0.3278983215695383,1.026762409668008,0
1.593628287722825,0.34583197194102927,2.8936200475952405,0
0.7255019866037085,0.7424207182661308,0.5221582127836722,1
3.958889505020213,0.5313290213402037,2.9945521392049455,0
3.7516040365203103,0.34904615932480293,2.1920532471434893,0
4.498870693144522,0.5882670266487348,2.5711732486227925,0
4.4865473482956215,0.6729205393785549,1.236548490865483,0
2.72172682241051,0.31809920058682706,0.5357881941676499,0
3.575949660722042,0.43083928122028126,2.344673796403825,0
4.2790629195297125,0.19750887466955805,2.5853614925016895,0
3.898589562709646,0.24491947962774427,2.351190329883798,0
1.4893924069727906,0.6448942831719863,0.8571257182520965,0
2.302176541240374,0.24515067815650157,2.3835698056424226,0
1.01663766060598,0.5201307069336482,2.4223069552691023,0
4.3162041090348895,0.6672370093779462,2.1463512891751373,0
2.92469853780352,0.1855015384757951,2.4152898319889653,0
1.4145712220138509,0.5538497757031229,2.6148035991943304,0
3.186802737623427,0.30525022696109105,2.034010285593646,0
2.9725129618315833,0.8703415001900638,0.7215117849241977,0
1.932650872131362,0.4868365173759398,1.7190695241680272,0
0.9542303687985161,0.7447940398201265,0.6941233366790127,0
3.1862927823711984,0.5401812337250095,1.518857577581077,0
2.581230803615173,0.13473002628385533,1.5177662228140691,0
3.5892735669425573,0.6065211004752179,0.6650246103506039,0
2.5806540044479735,0.8611226737653257,1.3720513349236982,0
3.9087260012741605,0.581289456117065,0.7774952469782871,0
2.707627355097942,0.7553510875414322,2.5205880250230552,0
2.743751886141545,0.8073651706787263,2.8692200649111768,0
4.0066144106333805,0.282463817559146,0.6807911881448465,0
2.113931464849588,0.26963587192658134,2.8877880182292537,0
1.036060913802563,0.5887847910807934,1.8064414983418629,0
0.6151307052533559,0.42882277584536377,1.2489141948846847,0
3.520549022694476,0.7718890422933763,0.6921551881904088,0
2.9812382054138586,0.8200184987184089,1.7515606701760444,0
3.3163190723968943,0.3827371034421745,2.4862888612268716,0
1.351856646035643,0.28949644717958567,2.2677161931667453,0
1.045485902347079,0.7244204121950895,0.6255650286599344,0
0.5581786626715277,0.3198448284385089,0.6822545884197588,0
1.902350235226388,0.7580914548109428,1.5071832065815927,0
2.8596707474185323,0.43899060291901026,1.2382262351198583,0
2.0689761803989293,0.6340399194331764,1.0809608076401196,0
2.2498996880949163,0.17642825106773455,1.202511247271784,0
4.116634777974994,0.5990874597412584,2.5087068582422116,0
1.8930218680932014,0.46141414298978334,2.823070134079635,0
2.555957956639243,0.5692867705403793,1.512756736318916,0
3.6346120509645723,0.23441136619589076,2.765277505331243,0
2.0861711292850806,0.6894989959553457,1.303739253119705,0
2.988346800911494,0.7902376620345829,1.691092465859479,0
3.9494548349869807,0.2733918400726205,1.0650724945399994,0
4.2980824946305685,0.17657164441612938,2.10119010543961,0
1.0882939237161517,0.11891086883706913,2.9474527879370225,0
4.206350500645978,0.6135772003546128,2.0087327401084467,0
2.4684651723181528,0.5856752288710246,1.3945352102838722,0
1.5329775531958334,0.537357930171256,2.1195436149763207,0
2.3365430249530452,0.28555767689278033,0.8073016961634689,0
4.420130301141908,0.41272479672441176,2.7216477006634965,0
2.4704723759714784,0.5755810681489385,1.757709876949591,0
1.8150064411500328,0.4974134870873355,1.623374355099105,0
3.033603417266903,0.8902284161719098,1.964661971133798,0
1.4605824751127723,0.20915180204538653,2.061959656973506,0
0.8034533124346557,0.656115643238075,0.6794395155662826,0
1.015518887642597,0.4234550144834337,2.206543053058506,0
1.0121833558310898,0.44255969194049183,1.1048292007888239,0
1.1076107740491774,0.674078212526541,2.2848815812664744,0
1.0553086905976405,0.6539489210594958,2.556336985960492,0
3.0634989792128584,0.8930047949617507,2.5098962688813007,0
1.2275203375965793,0.20271543156330019,1.8812524185197228,0
1.8826691332954528,0.18328771950733308,1.800424730776878,0
4.087153639624047,0.679471053702993,0.8571899033485293,0
2.3958465610514894,0.5627095336051273,2.438365376007839,0
3.1702309540841087,0.3193285332478447,1.178523451116786,0
1.1892794848065193,0.1635354951911893,1.7417385570448665,0
1.269156075234683,0.16852659967714445,1.2106852323187918,0
0.6634744650659155,0.8153526997312947,0.8345709074992329,0
1.1757402522886582,0.25349385977499433,2.0738942422293416,0
1.6143613561278345,0.3586972496924166,0.6358300870572595,0
1.2080419371069873,0.2813251217815904,2.3716130853155,0
0.8548101350282225,0.38399704466554985,1.2939669881527918,0
0.9825434844024032,0.1555390741968747,0.5003367325112134,0
2.343115072130903,0.5152478327266163,1.7778228480930744,0
1.32533487362317,0.15409005087377192,0.6171297713190078,0
1.9570794441923018,0.7402852062578893,1.1904238945522487,0
2.5136690834194275,0.2869696655283464,2.2674412186392905,0
3.261579314517461,0.5320095316836085,0.6567240540546646,0
0.6572485593643957,0.8040632700491667,2.598346230890006,0
3.6976415956361706,0.6207018952377554,0.5095498066464578,0
3.011601557963631,0.5263662292410682,1.1170596730047557,0
0.8270361277954876,0.3594670024923005,2.352260140380179,0
3.994314496427109,0.3664015304465584,1.2906753743232668,0
4.183489602127253,0.6355895641585522,0.7547309701650338,0
0.744311839419455,0.895311488976934,1.4005847970010696,0
1.607510592588815,0.629471351879503,1.1759832159613137,0
3.7248051191722453,0.54622673389602,2.606779755401387,0
3.4930387615346334,0.6845204081913969,1.2833697939628579,0
1.2380840774255093,0.47216448982697456,2.472331179440018,0
1.3373972933468412,0.14811387408062818,2.729680362026837,0
1.981888411165528,0.5498374527023279,1.5845435489413238,0
2.4380919407640853,0.8661002276043042,2.77485785963598,0
2.973019086121184,0.24024235388612772,1.4432951349079821,0
1.9756545582790896,0.6520039126565327,2.9101960412252703,0
2.3501388645325916,0.2607469509272452,0.7232238113139323,0
3.489883752535026,0.5286621475784651,2.2175481662581067,0
0.6467328115623916,0.1773411597173757,1.7345351011423218,0
1.509747777376083,0.46029674900654816,1.4691220136391177,0
3.3533983435382098,0.7049306631161969,2.0817796968715023,0
4.080827350748797,0.3780572193911857,2.259642729085828,0
2.5467097684626645,0.6319293795897745,0.5109081741257727,0
2.6284539410612626,0.7363599686317834,0.9173827218679969,0
0.9286880453591042,0.8417422555835622,2.282615126585797,0
2.2896494672938186,0.28771366548436283,2.1659635339455163,0
2.6304690658200927,0.41945273264744654,2.915118762821693,0
1.4698820145389186,0.22193281066433396,2.4025944756269575,0
1.5769729237975239,0.8939868017267002,2.876931769328345,0
2.0091366524184906,0.8416007743394363,2.2563512538370176,0
0.5802847911109055,0.5319657042244477,1.245130521598608,1
1.7883166623327131,0.7736266355011371,0.7634123056271411,0
1.3457920279861786,0.5167663818176338,2.454559658362339,0
1.8099894087116586,0.5988685504022078,2.1103730536897896,0
0.9790485272770049,0.1712995456928133,0.6204650309832406,0
4.06210912295958,0.7042163363974464,1.400126164752446,0
2.8743698142161946,0.20217078690818788,2.8919995387107154,0
3.2164092765779584,0.7608541042020227,1.7510028642755031,0
3.656684954429353,0.7256224701363088,1.5818228400492615,0
2.493768795716229,0.6669957581943812,1.644249012898235,0
0.8476811523496948,0.1289283044198097,1.0222068100129094,0
2.648426167274191,0.3425026847562629,1.421767927161988,0
2.8473644720835165,0.3104900559286743,1.4245331399679415,0
3.48175789673732,0.3881091259772153,0.6308875504686811,0
2.2266381849187176,0.17011419741107084,2.4189190712947957,0
1.010321211182255,0.8495662584248502,1.5412610797596975,0
1.6351036231948979,0.543041792569901,2.5554497170410584,0
1.9523291855945404,0.34441944852641887,2.6258700027997386,0
3.083668965326405,0.41758521365942675,1.029985136746645,0
2.7831132186756475,0.45776203240386854,2.1433837054253213,0
1.924386903591385,0.5804754666884938,1.6807045104074543,0
4.446060995171919,0.5125435421571982,2.7003918448037125,0
2.9230992774275486,0.835513578571534,1.0393516979411352,0
1.448907166943978,0.4975707863246642,2.1945330007751105,0
0.907129890481615,0.8937264118586502,2.0193803056318065,0
1.111436556737328,0.7811399661960766,1.238253693929582,0
1.4838309135380325,0.26680841148586865,0.8415022591279315,0
1.1427254930382227,0.844476171715133,2.1290994011931916,0
1.246268096205223,0.19309311830838088,2.3464936453308267,0
1.6403806747753884,0.7539597667929533,1.289068359408375,0
1.1934943811790193,0.4044986347812641,2.1120815100557846,0
4.087061698505701,0.8023794563560557,1.4878272690287582,0
0.8209349826465688,0.7944453520859603,2.2830172082065445,0
2.5980455582810187,0.744740320094097,0.9980381872351327,0
2.141587307958646,0.7320243490456492,2.725537506590436,0
4.429514467634426,0.34374331127843266,1.2185239911639494,0
0.9481556086722094,0.16473542644100175,1.4194649693903822,0
2.0914223961829665,0.4223841430121292,0.6452298802008745,0
4.377881733101475,0.23881961198920695,0.778780530803191,0
3.962028503575921,0.6559608711219694,1.7896547567808203,0
3.7682882837971197,0.37687978123022847,1.1689816918199287,0
1.5316113081797593,0.880488160687932,2.588700564355486,0
1.1835503495602633,0.6127776618762657,0.5367334716373846,0
3.174572879697724,0.7579844509074888,1.4477351216798404,0
4.217503956510344,0.20601973819347874,1.3433638669227317,0
2.727051572055719,0.7896115858180981,0.5483190772940025,0
2.7864507578795994,0.8382057524107155,0.8109209975012756,0
1.6199163746411367,0.48964953505514874,1.534106687296588,0
3.5779717327677476,0.585002350200782,1.7321614611186167,0
1.2481749942300935,0.7118478407223964,1.5107243681371727,0
1.7947169456169747,0.23987090180833004,1.8273441960302346,0
2.201745754465667,0.502052861170754,1.9878291872642038,0
2.53044151473782,0.4189304222178505,0.5248095528195891,0
1.469638929660321,0.2170991937297993,1.6602378986337598,0
0.9593472989568141,0.3940275378332252,2.9087481022189707,0
2.9424801697665304,0.15453784750839486,1.7975807003238717,0
1.654522212961023,0.12064952555958959,2.193855668647383,0
2.824952885690449,0.20813303132385821,1.279659644792208,0
1.1174508610968092,0.8704920892713391,2.4349784453819066,0
2.42456040741927,0.5396236287160135,2.4323037046902876,0
2.6303577302063434,0.872657728922576,1.8032401191353473,0
0.7072941472897076,0.4459983026641056,2.940034558198034,0
1.8464171127756823,0.3494529064682077,0.8138755369066335,0
1.037658707755897,0.5049134902721953,0.5423691622239525,0
0.753499881891071,0.45160935090632814,2.42539552939274,0
4.459840929559781,0.18453174740939515,2.5178888434122064,0
1.7894153798988919,0.612661051752165,0.8005180728014406,0
3.7394977834185394,0.2728305460076797,1.1639570823965153,0
1.5185626190550554,0.5956703639182637,0.5438809084165723,0
3.226010888895717,0.6201608739185227,1.2332715269514116,0
3.540911439558746,0.2216198825029185,2.4328546847966788,0
2.882554962431377,0.14907970168853454,1.7949013192814474,0
2.3863047542006335,0.7246092688547519,1.3702389829207202,0
2.147363656589074,0.4678403390154562,1.4293482372658257,0
1.8954730661719812,0.14653103640438064,0.5033840642886704,0
4.218116576991303,0.8958930537358137,1.2495013189130897,0
3.8224776311509165,0.14622444879709331,2.116146854094826,0
4.36010764266605,0.6560281830868426,2.935486109540893,0
0.9971888939421789,0.886943140210731,2.6176520674597485,0
3.423469900814577,0.2913440833727405,0.5589874116138228,0
4.253361827284151,0.21379949494975695,2.7464015116870986,0
1.2249322646626406,0.19710795153794314,2.4579960332465647,0
0.76598506946711,0.34262011805407644,2.450940308927451,0
3.464482597160236,0.18083664880851735,1.6449893975089287,0
2.7978924527196476,0.6537290733553056,1.495013232386257,0
3.8673151070330882,0.14983343850405015,1.2572893220829815,0
1.059089506505158,0.5075377025198318,0.6642371473859144,0
3.6810692474395608,0.8973574830823815,1.0705884087342477,0
1.3065092801909781,0.7511762156048151,1.1165090874450616,0
1.154623771462818,0.5921755505848088,1.710192674275504,0
1.1570631917239718,0.34500289662928935,2.368611016491735,0
3.7582988809255284,0.5991166690333108,1.6845245709948666,0
3.1607888827848005,0.5216331711293213,0.6446111236179015,0
2.5922616990764773,0.4408667071122972,2.89447450247051,0
1.93532193649401,0.2045683013921596,2.856810797735281,0
4.008802163252433,0.8092833721923735,2.462973857871021,0
2.0697804296905415,0.45982771905705805,2.9783197539105513,0
3.7663977578863084,0.2556980094566121,1.8612058320006573,0
2.2565396342808737,0.3942074807018317,2.9069208756330154,0
2.0077777176996303,0.43130380202314167,0.6890126015418769,0
2.3507191426784257,0.7620303164534995,1.4142018706534283,0
1.7055114966565683,0.6868915044491217,1.0634531700169145,0
3.4904375207050045,0.7154439149130719,0.9895827103356751,0
2.5108815603699166,0.10882501154291778,0.8520073722316902,0
1.4288507805872692,0.43292319854380923,2.0560341039149916,0
4.098298293098274,0.4850753213082589,2.4533046393682625,0
2.0355648854928456,0.11535382145844536,1.9457459985509016,0
2.6742114444559544,0.3078505669960274,0.8674067739705242,0
4.125888443858187,0.7082318584977081,2.527809424833677,0
2.9969519836559684,0.20968776458319927,2.0898867679093214,0
0.9675921628334563,0.5282481051620733,1.4704142653174888,0
4.2593284944539,0.27216149761379,2.1853257388401572,0
3.0108322122856714,0.10969661971511463,1.149762448107082,0
1.8396224586283445,0.2929611660796332,1.3629805212355262,0
1.057088290653549,0.8806990039280431,2.7937146078299757,0
3.676100757081184,0.7412296895063917,1.226261264178551,0
2.980291023714054,0.8676613154568268,1.6749706703948415,0
2.633844367905286,0.49028323514108996,2.7253528434900365,0
4.075570332203831,0.18778895894200281,2.2693033756688186,0
3.654388844898123,0.5383675911789544,0.6555080654117569,0
1.1066995189310047,0.46350186764796875,0.8682576106974258,0
1.746888271182193,0.7754856661916928,0.519603976929792,0
1.493956559257863,0.17846606462739567,2.0773044755729084,0
3.475785170290708,0.4905929096174226,1.6191835635260459,0
0.6341297389431175,0.2200389317551874,0.8356871272556888,0
2.779558739485266,0.359740741512048,2.8948353026419262,0
3.549834742962762,0.6898856619102398,1.8241493098640498,0
4.007062547046997,0.48081450349501326,1.104733235282223,0
1.8683269948636299,0.4007106281166155,1.7515089278867688,0
3.7850292186880514,0.41558102285602827,2.1990508318377695,0
0.9425269478208289,0.46755741472478934,0.6905980449339112,0
3.8858091669380728,0.7280132350696455,1.18675953761973,0
1.0099546493279297,0.8136677511521876,2.517413727209984,0
2.089149162241469,0.8642677492031426,1.649162176006653,0
3.6891814631182145,0.7295227090042361,1.8664428550807373,0
1.0996697093950951,0.3523255165984102,1.5820400055236732,0
1.417005580930566,0.6505077648692338,0.6097498566075128,0
3.389010273572265,0.45008249924431354,0.9143744495503898,0
3.3801461461842974,0.30373649763684096,1.6138540968547272,0
3.064590531541189,0.7726972635407381,1.0229636635198196,0
3.2757937778684,0.13074107916986,0.6249475716491968,0
2.6708977733903847,0.8214095937083389,2.6091241601295594,0
1.507196235627811,0.46918197169978737,2.9529813229102895,0
1.8827839740156778,0.6097611814466244,2.4828571849918486,0
1.2263908672057027,0.6274831377646262,2.6344623042616675,0
4.133802245334513,0.8160941925652292,1.1049428257926135,0
2.833567179064482,0.6093357457337659,2.9015674387829993,0
2.1034056670545596,0.5911468678080495,0.9923142611335709,0
2.3480232145765307,0.153321632448552,2.8785745259045807,0
4.289133358447261,0.5147264175561633,2.9870482349148775,0
1.1134056124643208,0.22013520065363334,2.2793070143651217,0
2.844919328067189,0.6899470149771885,2.952859329479555,0
2.523554715537864,0.5097775366501396,1.923849448917759,0
2.9458169417385913,0.6441822233666827,1.1488544579402258,0
0.572440735283362,0.1333383204819074,1.5924897141640522,0
3.988495635776606,0.16783361283664258,1.983902338446965,0
4.22847312993445,0.6730587104501459,0.6827039050675374,0
2.7605327343568358,0.1576674687989387,2.055858161543115,0
3.286603295507569,0.1570053822122069,2.9529445919057364,0
4.189997524709183,0.10968678018790996,0.975269124459319,0
3.3289545372535945,0.8652011186395842,2.4814877907209585,0
1.1101561716570454,0.6900066875672056,2.7697469844490485,0
2.8051534406672527,0.38260112680165137,2.859253982050552,0
2.9268601855314236,0.3372284650301242,2.9003390110136182,0
2.196522685209544,0.37976258379667965,1.8036490968036798,0
3.4457769424988913,0.7197228249449455,2.9432697699787593,0
4.237468059076059,0.6290964888563315,2.393275517836097,0
4.202274051627105,0.24815645429397437,0.9041785905924047,0
2.3033574856165284,0.2392874682672675,1.692250266169925,0
0.952952183363021,0.17871651977071787,2.2958279384300098,0
4.439364795849338,0.6282421757610706,1.1183507895477083,0
3.8555923457837364,0.7114981297773888,2.1015379588722185,0
0.9986507248130674,0.31203714266000326,2.1665011976165482,0
4.183367530469489,0.11675596882473026,0.9067493595214147,0
3.979585448248513,0.16573733398114188,1.9127132811318908,0
2.5753522285042885,0.8742880278760244,2.4290672774465194,0
2.865101742979717,0.33635582198193625,1.7472391613398548,0
2.096010815480521,0.7153785182705069,0.5302577919402686,0
0.7190465552881253,0.5997308550834111,0.5225961726982304,0
1.8407889665836037,0.40555171172231674,1.3925733599250305,0
3.7114137943920458,0.2645498097564441,2.815485171079455,0
0.5185280920184114,0.19710913452752515,1.071691949009022,0
1.8339966867645767,0.5920103744310933,2.0859092221792177,0
2.0926747743637732,0.7197070245102304,1.0551896767333013,0
2.6495824117516915,0.6151234028329046,1.3041749741488715,0
4.179422465651042,0.5242417065993267,2.62010522400371,0
1.885383977463845,0.133560978745309,2.3221536056748673,0
1.8878128075849108,0.8747910220755071,0.7384981932830266,0
3.4500049924389935,0.7389713533236597,1.571755052466084,0
2.3088717635592286,0.3342576293607718,0.5729244091131611,0
1.3984192917599279,0.8839762634870806,1.7022253665075224,0
2.3097580645307736,0.5815052717090577,2.15608502925267,0
1.0634280815191994,0.5659381265657972,0.796256558995379,0
1.2055479460248932,0.6984585435436257,1.2222123472729143,0
2.493471090957919,0.7494158304721101,1.4945915637553924,0
2.1757017980181916,0.6251828858652022,2.7988275616401244,0
4.1593836042724,0.20247659709296004,2.98313753855741,0
1.9495755964665324,0.37061400479559875,0.6122782474890396,0
2.822353401112174,0.8424669122608398,2.40251980873848,0
3.0290571516781215,0.2796924894750816,1.429310166005858,0
0.5523778263533345,0.3977336190700107,1.4811454655737002,0
3.1541494880668424,0.44566150635535684,2.385662433367557,0
1.2121438674790057,0.4515239917555618,2.7960660803635218,0
4.34428126987782,0.5903516659956204,2.877321486256371,0
1.0946509110124518,0.8544606701957661,1.942806465095802,0
2.158496494908095,0.292554169466004,1.392802898251257,0
0.8413986723145754,0.19720110104073446,2.468872714646948,0
4.487497007383789,0.25797639188794985,1.1275034581557506,0
2.5087800413249703,0.8095399201674156,1.9101850720837943,0
2.881540069280175,0.6166486501241648,1.3964461538121828,0
0.7683059095537099,0.32872543139132815,2.14157768426969,0
3.499841881596711,0.7527575511748938,1.1009972822337672,0
1.339622372382343,0.7890959970907488,0.9789823643370644,0
4.092217157762855,0.7772114709522224,2.795597716688593,0
1.3205585619280287,0.8351412269116436,0.7545092073738422,0
1.2627508826546663,0.3017928161386893,1.7648947693373291,0
0.6461986713923795,0.7040335429970227,1.0521319574075223,0
2.388267780439997,0.46843159781931204,0.5973249083141686,0
2.7593645330504657,0.7735988423120492,0.590047045728566,0
0.7628345577134095,0.6827925417292906,0.9380544302645684,0
3.6021104667800423,0.7211579571997797,2.6669258862650005,0
2.3131553389921105,0.6249294701448572,1.2061968599425668,0
2.59756107731032,0.2419430155757655,2.8761479264382395,0
2.2630509877529126,0.5360215351175507,1.954055732472984,0
2.103052243501304,0.8877357916196066,1.5915354744219152,0
2.7385613252328715,0.8499104531976952,1.9502220866736364,0
1.12096098372285,0.13453898863760935,1.7917459630656694,0
1.2277125219810845,0.2318518525835497,2.396940634393313,0
3.947142484054069,0.20538301876364953,1.2062401649321306,0
4.284461848534531,0.6807839279882364,1.382625979000756,0
1.9932372651190118,0.7542282638855561,2.7352357563331267,0
1.582978692574215,0.27080909304853756,2.8661412828760136,0
3.075998172956063,0.5046821543614632,2.731395568716186,0
2.1349366843923856,0.77256242240896,1.548619984893284,0
0.6015454226413794,0.6862412358130006,2.4509137575172044,0
1.1246103894647614,0.5337897643934787,1.690839333252747,0
3.36388891538959,0.5722781523670183,1.7438496303652555,0
3.1356957676406054,0.506688437533024,1.0117002726432098,0
0.608383970013934,0.3380387610550565,1.9778257581462912,0
1.3878886477317978,0.5520175942872129,0.9653397443833698,0
1.4242991863522856,0.6511082416400726,1.3289117476679844,0
3.1875709743949137,0.7986583326886462,2.637575504049838,0
0.5788421510174566,0.6090330831833985,1.017689523027138,0
0.9164343279382954,0.7088972296345264,0.6778957129335821,1
3.6996643414927575,0.22805730796365842,0.6725189815320407,0
1.2141786482173345,0.4692459795358319,2.8519613012577696,0
3.110984431407499,0.10746529586167464,1.7673010949045866,0
1.452731124186906,0.29734309161729844,1.5235301795425458,0
0.8977655710373806,0.681169372090404,2.527196452519796,0
1.4726887639978163,0.8934479610794908,2.58956481977629,0
3.3890677274226366,0.17934247966977274,1.3304775827890114,0
3.922785872425143,0.42119545268903064,2.234045143684488,0
3.8208794582679664,0.7400567749593276,2.4278070396297164,0
2.0887341184738193,0.26322850770311906,2.1366267171648863,0
3.1723405462825847,0.5440679594418291,0.8789876870002484,0
1.3199371816632839,0.6864570368237399,2.6897077087926426,0
1.672590921044053,0.5927883602081433,1.8477363818400216,0
4.0853432740844795,0.2504197876923329,1.2061810659250092,0
0.5520076940429441,0.38430765494859154,1.5630704635942347,0
0.8420341234178723,0.7270334275883178,0.5939277259972684,0
1.3315450205841093,0.5433812113056133,0.8196670030560439,0
0.6061288154952789,0.1041836908343302,2.413866876289652,0
1.2257417403591893,0.7087926080224751,0.5000290868884154,0
2.8321662438787687,0.12824908395219126,1.5414145712057303,0
2.185698202369992,0.6965870261849858,1.806275452713971,0
4.070686844307899,0.26198444813218996,0.6365860500024307,0
3.7697742469537636,0.8664587840955043,2.932695407430832,0
1.8672694067915039,0.3943526010416676,1.0653133281241798,0
1.53769373372517,0.3615452930704633,1.2604967990907021,0
2.0187696326690676,0.21911044026595575,1.2598562806375684,0
2.861179770059231,0.3444833723921719,1.0760416552933747,0
1.572254563291505,0.8013206094625605,0.5036845552157785,0
2.996595631396536,0.8970674701017979,2.3233619852199907,0
2.1376466087649617,0.3946476244054787,2.9171137494982133,0
2.708188723407921,0.4588885047636341,1.0607337082126127,0
2.2445061165412667,0.6776567505621897,2.157617979508556,0
1.6778630381676707,0.8089566243720596,2.3547408173967876,0
4.293813227848627,0.5744354673494273,2.621063447726312,0
3.5544231766390433,0.41322055854226347,1.5565729925340228,0
1.0604527030658102,0.43009747267889903,1.257327264101073,0
3.973871903591651,0.6564945171974456,1.3132378350575777,0
2.4497247929980546,0.10257461088342296,2.2815533327462822,0
4.078208907576366,0.5956714699678726,2.54194866626409,0
3.699421023789261,0.3843944083530859,0.9540349193915066,0
2.200854017876934,0.7353578650216674,1.427352520394413,0
0.5898772332804696,0.17439251185850574,2.754850491872875,0
1.5747094375397843,0.5705618135587124,2.516733799236848,0
2.6665368586434677,0.48477831190889903,2.9621460069061896,0
3.033912879304589,0.613860420724182,2.385620649205202,0
1.5315507417328091,0.1518828755863747,1.4829880025698057,0
1.0574242962912965,0.563987029942505,1.9765945849865945,0
3.8397209471971965,0.549187670367619,2.1525356356183005,0
4.4376087228142085,0.5485280755329368,0.6961395407928099,0
2.6027607292107433,0.5827901332771639,1.8612423977596628,0
1.186717143393214,0.6411743497810898,2.273302071181524,0
1.5892293060774758,0.7439911997446158,0.918303260002651,0
0.5735627061898669,0.3158565761025715,2.451579293563893,0
4.157195226241996,0.7600395281440497,1.9594319512852791,0
0.9710043315605645,0.4986045458107629,2.8805544642439864,0
2.8060659020570142,0.16164662330746493,0.6060557455172293,0
1.596220882748824,0.14684074339518335,1.1633153438886674,0
2.7167120100631736,0.36739065495684864,2.00388469824956,0
3.105681553407457,0.7279175816891741,1.2413997805148267,0
3.8189672148288065,0.6661447477927327,2.2860604101781057,0
1.3256850870424128,0.7308919717379252,2.3975132063048274,0
0.5439833146339219,0.5138152451532875,0.7562899101661862,0
1.047542520275229,0.45215919836439245,1.7846361605169192,0
4.10007456739242,0.21796202136502718,1.7722263889776397,0
3.995560310250061,0.3625542028874493,1.4232019255388526,0
2.889652408681233,0.44721549293910023,2.83231215642418,0
2.9020674417346135,0.1708803437436938,2.568765799683053,0
3.160146698185022,0.276489562168969,2.243023454774092,0
1.2014851144937984,0.5785802352509911,2.285816589337494,0
4.157647783699839,0.6885304913913519,1.6542903595327978,0
2.1750820995682925,0.8986780091143598,2.8024863027414395,0
2.03255411299799,0.8464906650748462,2.2364885681332134,0
2.57567082113135,0.6140521596281533,2.322452654139541,0
0.6878638671002202,0.4369984426352576,2.654227259468363,0
1.1651334750243176,0.6089418917665862,1.1851789733554776,0
3.4521344657054818,0.7285212944641857,2.5176772596667574,0
0.8311946717005059,0.19466895273870988,0.98810150739123,0
2.912608437865553,0.4279239117570306,1.3633548806122195,0
1.4813964387252838,0.7718418285084938,1.3390261356746067,0
2.057182456167906,0.4070663615464352,2.9463136709728515,0
1.6547749470827995,0.5574978169817493,2.641343059369817,0
1.9226908658597965,0.5702154886897586,2.2529246539756493,0
3.376183620736982,0.2475810025069115,2.3176419040384753,0
1.6884868624927,0.3897883533218307,1.9051819860064276,0
2.7656185611875888,0.36760903099354575,2.8677266677712976,0
2.4042016087963987,0.12095736682565184,1.7406468822059038,0
3.1546846614505926,0.1193534111130842,1.4512942746747364,0
4.247318957299032,0.7653576349406188,0.9075883423289774,0
3.430288388841001,0.31845664797824996,2.465514130652645,0
1.359761514363027,0.5144630129910523,2.3361098301889784,0
0.6247325402451387,0.33898045887101846,1.4608875963103372,0
1.5490561771993003,0.8525433960922725,0.5629835348980734,0
2.8803117228010193,0.307437407092619,2.597493319295027,0
0.7057032539370014,0.44372545019114806,0.528544958635184,0
2.4854649888049454,0.7981842003876816,2.2592494490726276,0
2.887371395667557,0.773546853433447,2.9256427743151425,0
1.8369755632678433,0.24888113427702185,1.5941533203705087,0
3.5836488149832877,0.7421146478365683,1.087433512489882,0
0.9263930125350872,0.46654950939031414,2.2621775251084544,0
0.800551126943235,0.4863750976682842,2.542820355038963,0
3.4127550248144134,0.20678397793275505,1.8660757901946183,0
2.481965264824794,0.16448121100569973,2.9175881881403654,0
3.253609585710944,0.6823514455790122,0.6291718041449028,0
2.239309354414985,0.49716892188423983,1.7619889957613204,0
1.4856081329564272,0.44948056209214365,2.296134868306375,0
3.776409270696799,0.6836065829219174,2.6566011778729473,0
3.697663515875917,0.7124103191928879,0.9481390297694752,0
3.278785883417707,0.22712653413548287,2.5000087044092036,0
1.5885805489198508,0.588180119582113,1.881767689296363,0
2.8609226674763484,0.20828326582214843,1.491384204974908,0
1.9438955877601072,0.7011000688232366,0.8292875714477339,0
0.8663282933065366,0.6255641250137116,2.663239397272281,0
4.169254301848971,0.8652916968667664,0.8931830204492883,0
1.0472745236758456,0.15516641308513696,1.2744696480227482,0
4.30094941528321,0.14564377692100347,1.2251138299060922,0
2.284023091831823,0.32574965975456016,2.6785350854771357,0
